1.    List all customer details.

mysql> SELECT *FROM CUSTOMER;
+----+-------------+--------------------------------------+------------+------------+
| ID | NAME        | ADDRESS                              | CITY       | PH_NO      |
+----+-------------+--------------------------------------+------------+------------+
|  1 | MISHAB      | KALANTHODE, KOZHIKODE, KERALA        | CALICUT    |       NULL |
|  2 | RAM         | VALANCHERI, MALAPPURAM, KERALA       | MALAPPURAM | 8767988654 |
|  3 | ABHISHEK    | MINNIE BAY, PORT BLAIR, ANDAMAN      | PORT BLAIR | 9878654532 |
|  4 | SUNIL KUMAR | GARACHARMA, PORT BLAIR, ANDAMAN      | PORT BLAIR | 9933257865 |
|  5 | BABITA      | JUHU, MUMBAI, MAHARASHTRA            | MUMBAI     | 9878654532 |
|  6 | ASAD AKBAR  | ELECTRONIC CITY, BANGLURU, KARNATAKA | BANGLURU   | 9878653421 |
|  7 | SAVITA      | NEAR DARGAH, AJMER, RAJASTHAN        | AJMER      | 7890564532 |
+----+-------------+--------------------------------------+------------+------------+
7 rows in set (0.00 sec)

2.    List pname, price of all products.

mysql> SELECT *FROM PRODUCT;
+-----+----------------------+--------+
| PID | PNAME                | PRICE  |
+-----+----------------------+--------+
|   1 | REXONA SOAP          |  45.00 |
|   2 | HORLICKS             | 345.00 |
|   3 | RED LABEL TEA        |  75.00 |
|   4 | SUNSILK SHAMPOO      |  80.00 |
|   5 | PONDS CREAM          | 100.00 |
|   6 | VASELINE MOISTURISER | 145.00 |
|   7 | GOOD DAY BISCUIT     |  55.00 |
+-----+----------------------+--------+
7 rows in set (0.00 sec)



3.    List all invoice items, avoid duplicates.

mysql> SELECT DISTINCT INV_ID FROM INVOICE_ITEM;
+--------+
| INV_ID |
+--------+
|      1 |
|      3 |
|      4 |
|      5 |
|      6 |
|      7 |
+--------+
6 rows in set (0.00 sec)

4.    List product price between 50rs and 150rs

mysql> SELECT *FROM PRODUCT WHERE PRICE BETWEEN 50 AND 150;
+-----+----------------------+--------+
| PID | PNAME                | PRICE  |
+-----+----------------------+--------+
|   3 | RED LABEL TEA        |  75.00 |
|   4 | SUNSILK SHAMPOO      |  80.00 |
|   5 | PONDS CREAM          | 100.00 |
|   6 | VASELINE MOISTURISER | 145.00 |
|   7 | GOOD DAY BISCUIT     |  55.00 |
+-----+----------------------+--------+
5 rows in set (0.00 sec)


5.    List the customer details who lives in ‘PORT BLAIR’,’CALICUT’.

mysql> SELECT *FROM CUSTOMER WHERE CITY IN('CALICUT','PORT BLAIR');
+----+-------------+---------------------------------+------------+------------+
| ID | NAME        | ADDRESS                         | CITY       | PH_NO      |
+----+-------------+---------------------------------+------------+------------+
|  1 | MISHAB      | KALANTHODE, KOZHIKODE, KERALA   | CALICUT    |       NULL |
|  3 | ABHISHEK    | MINNIE BAY, PORT BLAIR, ANDAMAN | PORT BLAIR | 9878654532 |
|  4 | SUNIL KUMAR | GARACHARMA, PORT BLAIR, ANDAMAN | PORT BLAIR | 9933257865 |
+----+-------------+---------------------------------+------------+------------+
3 rows in set (0.00 sec)


6.    List the invoice details from 1st January 2023 to 15th February 2023

mysql> SELECT *FROM INVOICE_MASTER WHERE INV_DATE BETWEEN '2023-01-01' AND '2023-02-15';
+--------+---------+------------+
| INV_ID | CUST_ID | INV_DATE   |
+--------+---------+------------+
|      1 |       2 | 2023-01-15 |
|      2 |       1 | 2023-01-17 |
|      3 |       2 | 2023-01-19 |
|      4 |       7 | 2023-01-11 |
|      6 |       4 | 2023-02-15 |
+--------+---------+------------+
5 rows in set (0.00 sec)

7.    List the customer details who not live in ‘PORT BLAIR’.

mysql> SELECT *FROM CUSTOMER WHERE CITY<>'PORT BLAIR';
+----+------------+--------------------------------------+------------+------------+
| ID | NAME       | ADDRESS                              | CITY       | PH_NO      |
+----+------------+--------------------------------------+------------+------------+
|  1 | MISHAB     | KALANTHODE, KOZHIKODE, KERALA        | CALICUT    |       NULL |
|  2 | RAM        | VALANCHERI, MALAPPURAM, KERALA       | MALAPPURAM | 8767988654 |
|  5 | BABITA     | JUHU, MUMBAI, MAHARASHTRA            | MUMBAI     | 9878654532 |
|  6 | ASAD AKBAR | ELECTRONIC CITY, BANGLURU, KARNATAKA | BANGLURU   | 9878653421 |
|  7 | SAVITA     | NEAR DARGAH, AJMER, RAJASTHAN        | AJMER      | 7890564532 |
+----+------------+--------------------------------------+------------+------------+
5 rows in set (0.00 sec)


8.    List the customers who have no phone number.

mysql> SELECT *FROM CUSTOMER WHERE PH_NO IS NULL;
+----+--------+-------------------------------+---------+-------+
| ID | NAME   | ADDRESS                       | CITY    | PH_NO |
+----+--------+-------------------------------+---------+-------+
|  1 | MISHAB | KALANTHODE, KOZHIKODE, KERALA | CALICUT |  NULL |
+----+--------+-------------------------------+---------+-------+
1 row in set (0.00 sec)

9.    Display customer names in descending order.
mysql> SELECT NAME FROM CUSTOMER ORDER BY NAME DESC;
+-------------+
| NAME        |
+-------------+
| SUNIL KUMAR |
| SAVITA      |
| RAM         |
| MISHAB      |
| BABITA      |
| ASAD AKBAR  |
| ABHISHEK    |
+-------------+
7 rows in set (0.00 sec)

10. Display the customer details sorted in ascending by city and descending by names.
mysql> SELECT * FROM CUSTOMER ORDER BY CITY, NAME DESC;
+----+-------------+--------------------------------------+------------+------------+
| ID | NAME        | ADDRESS                              | CITY       | PH_NO      |
+----+-------------+--------------------------------------+------------+------------+
|  7 | SAVITA      | NEAR DARGAH, AJMER, RAJASTHAN        | AJMER      | 7890564532 |
|  6 | ASAD AKBAR  | ELECTRONIC CITY, BANGLURU, KARNATAKA | BANGLURU   | 9878653421 |
|  1 | MISHAB      | KALANTHODE, KOZHIKODE, KERALA        | CALICUT    |       NULL |
|  2 | RAM         | VALANCHERI, MALAPPURAM, KERALA       | MALAPPURAM | 8767988654 |
|  5 | BABITA      | JUHU, MUMBAI, MAHARASHTRA            | MUMBAI     | 9878654532 |
|  4 | SUNIL KUMAR | GARACHARMA, PORT BLAIR, ANDAMAN      | PORT BLAIR | 9933257865 |
|  3 | ABHISHEK    | MINNIE BAY, PORT BLAIR, ANDAMAN      | PORT BLAIR | 9878654532 |
+----+-------------+--------------------------------------+------------+------------+
7 rows in set (0.00 sec)

11. Find the customer names start with ‘A’.
mysql> SELECT NAME FROM CUSTOMER WHERE NAME LIKE 'A%';
+------------+
| NAME       |
+------------+
| ABHISHEK   |
| ASAD AKBAR |
+------------+
2 rows in set (0.00 sec)

12. Find the customer names who have ‘e’ or ‘a’ in them.
mysql> SELECT NAME FROM CUSTOMER WHERE NAME LIKE '%E%'OR NAME LIKE '%A%';
+-------------+
| NAME        |
+-------------+
| MISHAB      |
| RAM         |
| ABHISHEK    |
| SUNIL KUMAR |
| BABITA      |
| ASAD AKBAR  |
| SAVITA      |
+-------------+
7 rows in set (0.00 sec)

13. Find the customer names who have at least 4 characters.
mysql> SELECT NAME FROM CUSTOMER WHERE NAME LIKE '____%';
+-------------+
| NAME        |
+-------------+
| MISHAB      |
| ABHISHEK    |
| SUNIL KUMAR |
| BABITA      |
| ASAD AKBAR  |
| SAVITA      |
+-------------+
6 rows in set (0.00 sec)COMPLETED


14. List the names of customers their names have ‘B’ in second position.
mysql> SELECT NAME FROM CUSTOMER WHERE NAME LIKE '_B%';
+----------+
| NAME     |
+----------+
| ABHISHEK |
+----------+
1 row in set (0.00 sec)

15. Find the customer names start with ‘a’ and are at least 3 characters in length.
mysql> SELECT NAME FROM CUSTOMER WHERE NAME LIKE 'A%' AND NAME LIKE '___%';
+------------+
| NAME       |
+------------+
| ABHISHEK   |
| ASAD AKBAR |
+------------+
2 rows in set (0.00 sec)


